DROP DATABASE IF EXISTS `sys_var`;
Warnings:
Note	1008	Can't drop database 'sys_var'; database doesn't exist
CREATE DATABASE `sys_var`;
USE `sys_var`;
CREATE TABLE t1 (c1 CHAR(3), c2 CHAR(1) DEFAULT 'a');
INSERT INTO t1 (c1) VALUES ('a'),('bb'),('ccc');
UPDATE t1 SET c1='aaaa' WHERE c1='a';
Warnings:
Warning	1265	Data truncated for column 'c1' at row 1
DELETE FROM t1;
DROP TABLE t1;
SET @@auto_increment_increment=19;
SET @@auto_increment_offset=4;
SET @@character_set_client='latin2';
SET @@collation_connection='latin2_bin';
SET @@collation_server='geostd8_general_ci';
SET @@time_zone='Japan';
SET @@lc_time_names='sv_SE';
SET @@collation_database='geostd8_bin';
CREATE TABLE t1 (c1 DATE);
INSERT INTO t1 VALUES ('2006-01-01');
SELECT c1 FROM t1;
c1
2006-01-01
DROP TABLE t1;
CREATE TABLE t1 (c1 INT AUTO_INCREMENT PRIMARY KEY, c2 TEXT);
INSERT INTO t1 (c1) VALUES ('a'),('bb'),('ccc');
Warnings:
Warning	1366	Incorrect integer value: 'a' for column 'c1' at row 1
Warning	1366	Incorrect integer value: 'bb' for column 'c1' at row 2
Warning	1366	Incorrect integer value: 'ccc' for column 'c1' at row 3
SELECT * FROM t1;
c1	c2
4	NULL
23	NULL
42	NULL
DROP TABLE t1;
DROP DATABASE `sys_var`;
Connected to server!!
Pos = 4 Event_type = 26
Pos = 0 Event_type = 4
Pos = 114 Event_type = 15
Pos = 213 Event_type = 2
Query = DROP DATABASE IF EXISTS `sys_var` DB = sys_var
catalog_name = std
character_set_client = 8
collation_connection = 8
collation_server = 8
flag2 = 0
sql_mode = -453830021431164924
----------

Pos = 304 Event_type = 2
Query = CREATE DATABASE `sys_var` DB = sys_var
catalog_name = std
character_set_client = 8
collation_connection = 8
collation_server = 8
flag2 = 0
sql_mode = -453830021431164924
----------

Pos = 422 Event_type = 2
Query = CREATE TABLE t1 (c1 CHAR(3), c2 CHAR(1) DEFAULT 'a') DB = sys_var
catalog_name = std
character_set_client = 8
collation_connection = 8
collation_server = 8
flag2 = 566648
sql_mode = -453830021430627274
----------

Pos = 493 Event_type = 2
Query = BEGIN DB = sys_var
catalog_name = std
character_set_client = 8
collation_connection = 8
collation_server = 8
flag2 = 566656
sql_mode = -453830021430758090
----------

Pos = 606 Event_type = 2
Query = INSERT INTO t1 (c1) VALUES ('a'),('bb'),('ccc') DB = sys_var
catalog_name = std
character_set_client = 8
collation_connection = 8
collation_server = 8
flag2 = 566654
sql_mode = -453830021430889162
----------

Pos = 678 Event_type = 2
Query = COMMIT DB = sys_var
catalog_name = std
character_set_client = 8
collation_connection = 8
collation_server = 8
flag2 = 566650
sql_mode = -453830021431151306
----------

Pos = 749 Event_type = 2
Query = BEGIN DB = sys_var
catalog_name = std
character_set_client = 8
collation_connection = 8
collation_server = 8
flag2 = 566652
sql_mode = -453830021431020234
----------

Pos = 851 Event_type = 2
Query = UPDATE t1 SET c1='aaaa' WHERE c1='a' DB = sys_var
catalog_name = std
character_set_client = 8
collation_connection = 8
collation_server = 8
flag2 = 566652
sql_mode = -453830021431020234
----------

Pos = 923 Event_type = 2
Query = COMMIT DB = sys_var
catalog_name = std
character_set_client = 8
collation_connection = 8
collation_server = 8
flag2 = 566652
sql_mode = -453830021431020234
----------

Pos = 994 Event_type = 2
Query = BEGIN DB = sys_var
catalog_name = std
character_set_client = 8
collation_connection = 8
collation_server = 8
flag2 = 566652
sql_mode = -453830021431020234
----------

Pos = 1074 Event_type = 2
Query = DELETE FROM t1 DB = sys_var
catalog_name = std
character_set_client = 8
collation_connection = 8
collation_server = 8
flag2 = 566652
sql_mode = -453830021431020234
----------

Pos = 1146 Event_type = 2
Query = COMMIT DB = sys_var
catalog_name = std
character_set_client = 8
collation_connection = 8
collation_server = 8
flag2 = 566652
sql_mode = -453830021431020234
----------

Pos = 1253 Event_type = 2
Query = DROP TABLE `t1` /* generated by server */ DB = sys_var
catalog_name = std
character_set_client = 8
collation_connection = 8
collation_server = 8
flag2 = 566652
sql_mode = -453830021431020234
----------

Pos = 1355 Event_type = 2
Query = CREATE TABLE t1 (c1 DATE) DB = sys_var
auto_increment_increment = 19
auto_increment_offset = 4
catalog_name = std
character_set_client = 9
collation_connection = 77
collation_database = 93
collation_server = 92
flag2 = 0
lc_time_names = 3
sql_mode = -453830021430968318
----------

Pos = 1437 Event_type = 2
Query = BEGIN DB = sys_var
auto_increment_increment = 19
auto_increment_offset = 4
catalog_name = std
character_set_client = 9
collation_connection = 77
collation_database = 93
collation_server = 92
flag2 = 0
lc_time_names = 3
sql_mode = -453830021430968318
----------

Pos = 1550 Event_type = 2
Query = INSERT INTO t1 VALUES ('2006-01-01') DB = sys_var
auto_increment_increment = 19
auto_increment_offset = 4
catalog_name = std
character_set_client = 9
collation_connection = 77
collation_database = 93
collation_server = 92
flag2 = 0
lc_time_names = 3
sql_mode = -453830021430968318
----------

Pos = 1633 Event_type = 2
Query = COMMIT DB = sys_var
auto_increment_increment = 19
auto_increment_offset = 4
catalog_name = std
character_set_client = 9
collation_connection = 77
collation_database = 93
collation_server = 92
flag2 = 0
lc_time_names = 3
sql_mode = -453830021430968318
----------

Pos = 1751 Event_type = 2
Query = DROP TABLE `t1` /* generated by server */ DB = sys_var
auto_increment_increment = 19
auto_increment_offset = 4
catalog_name = std
character_set_client = 9
collation_connection = 77
collation_database = 93
collation_server = 92
flag2 = 0
lc_time_names = 3
sql_mode = -453830021430968318
----------

Pos = 1888 Event_type = 2
Query = CREATE TABLE t1 (c1 INT AUTO_INCREMENT PRIMARY KEY, c2 TEXT) DB = sys_var
auto_increment_increment = 19
auto_increment_offset = 4
catalog_name = std
character_set_client = 9
collation_connection = 77
collation_database = 93
collation_server = 92
flag2 = 0
lc_time_names = 3
sql_mode = -453830021430968318
----------

Pos = 1970 Event_type = 2
Query = BEGIN DB = sys_var
auto_increment_increment = 19
auto_increment_offset = 4
catalog_name = std
character_set_client = 9
collation_connection = 77
collation_database = 93
collation_server = 92
flag2 = 0
lc_time_names = 3
sql_mode = -453830021430968318
----------

Pos = 1998 Event_type = 5
Pos = 2122 Event_type = 2
Query = INSERT INTO t1 (c1) VALUES ('a'),('bb'),('ccc') DB = sys_var
auto_increment_increment = 19
auto_increment_offset = 4
catalog_name = std
character_set_client = 9
collation_connection = 77
collation_database = 93
collation_server = 92
flag2 = 0
lc_time_names = 3
sql_mode = -453830021430968318
----------

Pos = 2205 Event_type = 2
Query = COMMIT DB = sys_var
auto_increment_increment = 19
auto_increment_offset = 4
catalog_name = std
character_set_client = 9
collation_connection = 77
collation_database = 93
collation_server = 92
flag2 = 0
lc_time_names = 3
sql_mode = -453830021430968318
----------

Pos = 2323 Event_type = 2
Query = DROP TABLE `t1` /* generated by server */ DB = sys_var
auto_increment_increment = 19
auto_increment_offset = 4
catalog_name = std
character_set_client = 9
collation_connection = 77
collation_database = 93
collation_server = 92
flag2 = 0
lc_time_names = 3
sql_mode = -453830021430968318
----------

Pos = 2423 Event_type = 2
Query = DROP DATABASE `sys_var` DB = sys_var
auto_increment_increment = 19
auto_increment_offset = 4
catalog_name = std
character_set_client = 9
collation_connection = 77
collation_database = 93
collation_server = 92
flag2 = 0
lc_time_names = 3
sql_mode = -453830021430968318
----------

"#End of binary log"
